<?xml version="1.0" encoding="utf-8"?>
<project>
	<meta title="shader" package="com.example.app" version="1.0.0" company="" />

 	<app file="Main" main="Main" path="bin" />

	<window fps="60" background="0x333333" />
	<window width="100" height="100" resizable="true" unless="mobile" />
	<window fullscreen="true" if="mobile" />
	<window orientation="landscape" vsync="true" antialiasing="0" if="cpp" />

	<source path="src" />

	<haxelib name="HaxePunk" />

	<assets path="assets/font" rename="font" include="*.ttf" />
	<assets path="assets/shaders" rename="shaders" include="*.vert|*.frag" />

	<icon path="assets/HaxePunk.svg" />
</project>
